/*
Navicat MySQL Data Transfer

Source Server         : localhost_3306
Source Server Version : 50553
Source Host           : localhost:3306
Source Database       : onlinemall

Target Server Type    : MYSQL
Target Server Version : 50553
File Encoding         : 65001

Date: 2017-08-18 10:57:08
*/

SET FOREIGN_KEY_CHECKS=0;

-- ----------------------------
-- Table structure for `admin`
-- ----------------------------
DROP TABLE IF EXISTS `admin`;
CREATE TABLE `admin` (
  `admin_id` int(3) NOT NULL AUTO_INCREMENT,
  `admin_name` varchar(20) DEFAULT NULL,
  `admin_password` varchar(20) DEFAULT NULL,
  PRIMARY KEY (`admin_id`)
) ENGINE=MyISAM AUTO_INCREMENT=4 DEFAULT CHARSET=utf8;

-- ----------------------------
-- Records of admin
-- ----------------------------
INSERT INTO `admin` VALUES ('1', 'lishuo', '123456');
INSERT INTO `admin` VALUES ('2', 'wangjin', '123456');
INSERT INTO `admin` VALUES ('3', 'wanggaoxin', '123456');

-- ----------------------------
-- Table structure for `buycar`
-- ----------------------------
DROP TABLE IF EXISTS `buycar`;
CREATE TABLE `buycar` (
  `bid` int(4) NOT NULL AUTO_INCREMENT,
  `uid` int(4) NOT NULL,
  `gid` int(5) NOT NULL,
  `bnum` int(2) NOT NULL,
  `bdate` varchar(20) NOT NULL,
  PRIMARY KEY (`bid`)
) ENGINE=MyISAM AUTO_INCREMENT=23 DEFAULT CHARSET=utf8;

-- ----------------------------
-- Records of buycar
-- ----------------------------
INSERT INTO `buycar` VALUES ('4', '5', '5', '3', '2017-8-8 08:30:55');
INSERT INTO `buycar` VALUES ('3', '6', '4', '1', '2017-8-6 08:30:55');
INSERT INTO `buycar` VALUES ('7', '5', '8', '1', '2017-8-6 08:30:55');
INSERT INTO `buycar` VALUES ('14', '5', '29', '1', '2017-8-13 11:47:29');
INSERT INTO `buycar` VALUES ('16', '8', '29', '1', '2017-8-14 13:17:28');
INSERT INTO `buycar` VALUES ('17', '5', '2', '1', '2017-8-14 13:57:17');
INSERT INTO `buycar` VALUES ('18', '5', '2', '1', '2017-8-14 14:07:52');
INSERT INTO `buycar` VALUES ('19', '9', '3', '2', '2017-8-14 14:54:58');
INSERT INTO `buycar` VALUES ('20', '9', '25', '4', '2017-8-14 15:06:21');
INSERT INTO `buycar` VALUES ('21', '9', '4', '0', '2017-8-14 15:06:40');

-- ----------------------------
-- Table structure for `goods`
-- ----------------------------
DROP TABLE IF EXISTS `goods`;
CREATE TABLE `goods` (
  `gid` int(5) NOT NULL AUTO_INCREMENT,
  `gname` varchar(30) DEFAULT NULL,
  `gprice` varchar(10) DEFAULT NULL,
  `gpic` varchar(500) DEFAULT NULL,
  `gintroduce` varchar(500) DEFAULT NULL,
  `gtypeid` int(2) DEFAULT NULL,
  `gnum` int(5) DEFAULT NULL,
  `gdate` varchar(20) DEFAULT NULL,
  `gsales` int(6) DEFAULT NULL,
  PRIMARY KEY (`gid`)
) ENGINE=InnoDB AUTO_INCREMENT=82 DEFAULT CHARSET=utf8;

-- ----------------------------
-- Records of goods
-- ----------------------------
INSERT INTO `goods` VALUES ('2', ' Yepo 锋锐4 737S笔记本电脑', '958', '[upload/TB1CuDAOFXXXXaPapXXXXXXXXXX-360-280.jpg_180x180q90.jpg]', 'Yepo 锋锐4 737S笔记本电脑 轻薄便携四核学生游戏笔记本  薄处约6.66mm、英特尔四核处理器、全高清液晶分辨率      ', '2', '0', '2017-08-14 15:03:40', null);
INSERT INTO `goods` VALUES ('3', 'Lenovo/联想 小新笔记本电脑', '3699', '[upload/dianzi3.jpg]', 'Lenovo/联想 小新 310-15IKB 经典版 i7 15.6寸银 轻薄笔记本电脑  小新310-IKB I7-7500U 4G 1T 920MX-2G 15寸 银色 小新310-IKB I7-7500U 8G 128+1T 920MX-2G 15寸 银色   ', '2', '0', '2017-08-11 16:40:30', null);
INSERT INTO `goods` VALUES ('4', ' Logitech/罗技 M280鼠标', '78', '[upload/dianzi4.jpg]', '正品国行包邮 Logitech/罗技 M275 M280 无线鼠标 笔记本电脑办公  M275/M280 罗技官方旗舰店 99元 全国联保一年 鼠标尺寸：105.35*67.89*38.39mm    ', '2', '146', '2017-08-11 16:40:43', null);
INSERT INTO `goods` VALUES ('5', '美商海盗船 K70机械键盘', '999', '[upload/dianzi5.jpg]', '海盗船k70 LUX RGB银轴茶轴红轴青轴机械键盘 盟创国行  买就送 800*300MM尺寸超大键鼠垫！！！海盗船K70 K70RGB红少量到货！现全部为帆船标LOGO   ', '2', '146', '2017-08-11 16:41:04', null);
INSERT INTO `goods` VALUES ('6', '微软Surface Book i5 i7 平板笔记本电脑', '7788', '[upload/dianzi6.jpg]', ' 双核四线程  Surface Book i5 独立显卡  固态硬盘 ', '2', '834', '2017-08-11 15:04:49', null);
INSERT INTO `goods` VALUES ('7', ' iPad mini 4', '2638', '[upload/dianzi7.jpg]', 'Apple/苹果 iPad mini 4 WIFI 4G 32 128G 迷你4 平板原封国行 2015款全新iPad mini4代 配备Retina 7.9英寸显示屏 ，指纹解锁等强劲功能。 ', '2', '1155', '2017-08-11 15:06:03', '1');
INSERT INTO `goods` VALUES ('8', 'Canon/佳能 EOS 100D单反相机', '1998', '[upload/dianzi8.jpg]', '佳能100D 200D 单反相机入门级高清数码旅游 kiss X7  9点中心十字对焦，连拍速度4张/秒，搭载DIGIC 5影像处理器，触摸屏操作方便，机器小巧价格实惠，白色颜值高，1800万像素  ', '2', '4356', '2017-08-11 16:43:10', null);
INSERT INTO `goods` VALUES ('9', 'Sony/索尼 ILCE-6000L套机', '3098', '[upload/dianzi9.jpg]', 'sony索尼a6000微单相机单反相机入门级数码6000L  179点相位检测4D对焦，高速连拍高达11张/秒，搭载BIONZ X影像处理器，优化区域降噪，内置NFC和WIFI轻松分享，拥有电子取景器，2400万像素  ', '2', '1023', '2017-08-11 16:44:02', null);
INSERT INTO `goods` VALUES ('10', '平安星老人定位手表手环追踪器', '368', '[upload/dianzi10.jpg]', '手表内置电信C定位芯片，无需插卡，定位零资费低辐射，买来就能直接使用；生活防水；操作非常简单，手机可以实时定位老人位置，老人遇到紧急情况，可以一键求救发送SOS信息及语音信息！ 升级款蓝色和绿色手表的功能同黑色手表一模一样，只是包装（儿童包装）和颜色不同，更适合老人使用，价格更便宜，性价比更高 ', '2', '20', '2017-08-11 16:47:56', null);
INSERT INTO `goods` VALUES ('11', '昂达学生随身听MP3', '129', '[upload/dianzi11.jpg]', '英语学习专用听力播放器小学初高中同步显示  听力复读播放，同步屏幕显示，录音跟读对比，屏幕取词背单词  ', '2', '244', '2017-08-11 16:49:02', null);
INSERT INTO `goods` VALUES ('12', 'iPhone 7', '3358', '[upload/dianzi12.jpg]', 'Apple/苹果 iPhone 7苹果7手机4.7寸7代港版 国行 美版三网4G现货  信誉诚信保障！每一代iPhone 首批都抢先开售，新iphone特性：新增亮面黑，压力感应HOME键，ip67级防水防尘，1200w像素光学防抖，全新A10处理器，续航提升，立体扬声器 ，lightning耳机接入方式，双摄像头。  ', '2', '2455', '2017-08-11 16:50:27', null);
INSERT INTO `goods` VALUES ('13', '华为 Mate 9', '2528', '[upload/dianzi13.jpg]', '双卡全网通4g 全新正品 智能手机 mate9  5.9英寸大屏，2000万+1200万双徕卡镜头和800万前摄像头，八核，CPU麒麟960处理器，指纹解锁，安卓7.0，4000毫安电池  ', '2', '6663', '2017-08-11 16:52:17', null);
INSERT INTO `goods` VALUES ('14', '华为荣耀8青春版手机', '1088', '[upload/dianzi14.jpg]', '品牌: honor/荣耀 型号: 荣耀8  屏幕  分辨率: 1920x1080  网络  网络类型: 4G+全网通 网络模式: 双卡多模  CPU信息  核心数: 4*2.3GHz + 4*1.8GHz + 微智核I5  存储  运行内存RAM: 3GB/4GB 存储容量: 32GB 64GB  拍照  后置摄像头: 双1200万 摄像头类型: 三摄像头（后双） ', '2', '1883', '2017-08-11 16:54:46', null);
INSERT INTO `goods` VALUES ('15', '魅族 魅蓝note5 手机', '1299', '[upload/dianzi15.jpg]', 'CPU型号: Helio P10  屏幕尺寸: 5.5英寸  机身厚度: 8.1mm  电池容量: 4000mah  网络类型: 4G全网通  款式: 直板  机身颜色: 月光银(16g898/32g955/64g1219) 香槟金(16g918/32g968/64g1238) 星空灰(16g918/32g1028/64g1249) 冰川蓝现货(32G 1075)当天发 联通定制合约预售  套餐类型: 官方标配 套餐一 套餐二 套餐三 套餐四 套餐五  后置摄像头: 1300万  操作系统: FLyme  附加功能: OTG 距离感应 重力感应  宝贝成色: 全新  售后服务: 全国联保  触摸屏类型: 电容式  运行内存RAM: 4GB  存储容量: 16GB 32GB 64GB  键盘类型: 虚拟触屏键盘  分辨率: 1920x1080  手机类型: 拍照手机 音乐手机 时尚手机 智能手机 4G手机  电池类型: 不可拆卸式电池  摄像头类型: 双摄像头（前后）  视频显示格式: 1080P(全高清D5)  网络模式: 双卡多模  核心数: 智能真8核 ', '2', '2944', '2017-08-11 16:57:35', null);
INSERT INTO `goods` VALUES ('16', '美国OION空气净化器', '1088', '[upload/dianzi16.jpg]', '品牌: OION  型号: KQJ-F02  噪音: 20-50dB  控制方式: 遥控式  智能类型: 其他  滤网类型: 复合滤网  货号: F02  颜色分类: 嫩芽绿（现货，送原装滤网） 土豪金（现货，送原装滤网）  风量: 320立方米/小时  适用面积: 41㎡(含)-60㎡(含)  功能: 定时 除花粉 除甲醛 除烟除尘 杀菌  工作原理: 活性炭 负离子 HEPA技术 光触媒 其他  空气净化产品类别: 空气净化器  电源方式: 交流电  售后服务: 全国联保  适用对象: 商用、家用  空气净化器风量: 301-400立方米/小时  ', '2', '105', '2017-08-11 16:58:22', null);
INSERT INTO `goods` VALUES ('17', '美国家用智能自动擦地拖地机器人', '1499', '[upload/dianzi17.jpg]', 'Jet 240是新款拖地机.相比380T更新内容如下：1新增震动功能拍打地面顽固污渍，深层强力除尘。2新增洒水功能，380T是不能洒水的，水长期滞留在拖布上影响清洁力。3、内置导航虚拟墙，不再需要像380T那样的导航盒才能规划式运作。4可单独充电锂电池。5下单送10元店铺红包 6晒图赠送10元 ', '2', '826', '2017-08-11 17:01:57', null);
INSERT INTO `goods` VALUES ('18', '苹果iphone AirPods无线智能耳麦', '948', '[upload/dianzi18.jpg]', '传输半径: 10m  使用方式: 耳塞式  品牌: APPLE  型号: Airpods  售后服务: 全国联保  套餐类型: 官方标配  是否单双耳: 双边立体声  蓝牙版本: 4.1  颜色分类: 国行原封现货+防丢绳+保护套+套 国行原封现货 国行现货+防丢绳+保护套+套+发票 国行原封现货+发票 国行拆封99新【特价处理】 国行拆封99新+发票【特价处理】  传输半径: 10m  声道: 2  功能: 支持音乐  ', '2', '355', '2017-08-11 17:03:38', null);
INSERT INTO `goods` VALUES ('19', 'PAIYON派扬音响', '990', '[upload/dianzi19.jpg]', '6.5寸无源高保真书架音箱发烧胆机用音箱  采用美国进口单元，声场宽阔动态大，适应面广，适合各种类型音乐，灵敏度高达90dB，3W小胆机、小功率功放也能轻松推出效果    功率: 60W  品牌: PAIYON/派扬  型号: HiFi4s  灵敏度: 90dB/mW  重量(g): 22000  颜色分类: 酸枝色（4欧） 胡桃色（4欧） 酸枝色（8欧） 胡桃色（8欧）  音箱类型: 前置  阻抗: 4Ω / 8Ω  材质: 木  音箱结构: Hifi对箱  产地: 中国  ', '2', '315', '2017-08-11 17:04:52', null);
INSERT INTO `goods` VALUES ('20', '日本Mior-R8彩光离子导入导出美容仪器', '186', '[upload/dianzi20.jpg]', '脸部洁面祛痘排毒按摩  配合正负离子导入导出，嫩肤，美白，紧致，还可以彩光祛痘，光子嫩肤有蓝光（祛痘和祛痤疮、镇静、适用于粉刺及油脂性皮肤）和红光（促进胶原蛋白增生、修复痘印，弹性，适合皮肤松弛的肌肤）  ', '2', '1458', '2017-08-11 17:06:30', null);
INSERT INTO `goods` VALUES ('21', 'NE伯爵卓尔粉色oversize 拼接假两件连帽宽松卫衣男 ', '159', '[upload/yifu1.jpg]', '款式: 套头  货号: N731047  版型: 宽松  领型: 连帽  风格: 欧美  颜色: 粉色 黄色 黑色  尺码: 165 170 175 180 185 190  袖型: 落肩袖  品牌: EARL JOEL/伯爵卓尔  图案: 其他  适用季节: 秋季  适用场景: 休闲  适用对象: 青年  服装口袋样式: 袋鼠兜  厚薄: 常规  基础风格: 时尚都市  细分风格: 潮  ', '1', '476', '2017-08-11 17:07:23', null);
INSERT INTO `goods` VALUES ('22', '花花公子夏季薄款休闲裤中年中腰宽松免烫商务长裤男装直筒男裤子', '99', '[upload/yifu2.jpg]', '品牌类型: 国际大牌  裤长: 长裤  货号: PL15888  颜色: M1宝蓝色 M1黑色 M1卡其色 M1浅卡其 M1天蓝色 1712宝蓝色 1712黑色 1712卡其色 1712米白色 1712浅灰色 1601藏青色 1601黑色 1601卡其色 1601米白色 1601深卡色 1601天蓝色  尺码: 29 30 31 32 33 34 35 36 38 40  款式细节: 口袋装饰  工艺处理: 免烫处理  品牌: PLAYBOY/花花公子  主材含量: 棉  棉含量: 95%以上  适用季节: 夏季  适用场景: 上班  适用对象: 中年  弹力: 微弹  腰型: 中腰  厚薄: 薄  上市时间: 2017年  面料材质: 棉  款式: 工装裤  服装版型: 宽松  裤脚口款式: 直筒  基础风格: 时尚都市  细分风格: 商务休闲  颜色: 基础色（黑灰白等）  面料: 卡其布  图案: 纯色  ', '1', '15950', '2017-08-12 09:35:30', null);
INSERT INTO `goods` VALUES ('23', 'Firs/杉杉 牌新款男士微修身全羊毛休闲单西服 ', '1058', '[upload/yifu3.jpg]', '100%羊毛 SG版 两粒扣 单西，吊牌，防伪码，条形码，出厂包装带，手拎袋，一样不少，支持官方全国电子防伪码固定电话查询，或者直接拨杉杉总部电话查询，产品已双向包邮， 即拍下就自动赠送保险公司运费险，只要吊牌不剪掉，随时可以7天无理由退换货    ', '1', '44', '2017-08-12 09:36:29', null);
INSERT INTO `goods` VALUES ('24', '森马短裤男士休闲裤韩版五分裤青年短裤', '75', '[upload/yifu4.jpg]', '品牌类型: 国内知名品牌  材质成分: 棉98.2% 聚氨酯弹性纤维(氨纶)1.8%  裤长: 五分裤  货号: 19037251303  颜色: 宝蓝8700 冰蓝8000 卡其5600 浅卡其5300 黑色9000  尺码: 26 27 28 29 30 31 32 33 34 35 36 38 40  款式细节: 口袋  品牌: Semir/森马  主材含量: 棉  棉含量: 95%以上  适用季节: 夏季  适用场景: 其他休闲  适用对象: 青年  弹力: 微弹  腰型: 中低腰  厚薄: 常规  上市时间: 2017年  面料材质: 棉  服装版型: 直筒  裤脚口款式: 直筒  基础风格: 青春流行  细分风格: 青春活力  面料: 其他  图案: 纯色  ', '1', '1397', '2017-08-12 09:37:16', null);
INSERT INTO `goods` VALUES ('25', '男士新款国潮破洞毛边印花牛仔夹克潮流欧美飞行员外套 ', '218', '[upload/yifu5.jpg]', '颜色: 黑色  尺码: M L XL 2XL  款式细节: 毛边  工艺处理: 磨毛  品牌: other/其他  适用季节: 秋季  袖型: 常规  厚薄: 常规  版型: 宽松  材质: 棉  适用场景: 其他休闲  适用对象: 青少年  服装口袋样式: 侧缝插袋  衣门襟: 单排扣  衣长: 常规  基础风格: 时尚都市  细分风格: 嘻哈  图案: 人物  ', '1', '19563', '2017-08-12 09:38:36', null);
INSERT INTO `goods` VALUES ('26', '小胡子店撞色拼接小心机圆领套头七分袖卫衣两件套装', '145', '[upload/yifu6.jpg]', '款式: 套头  版型: 直筒  领型: 圆领  风格: 韩版  颜色: 灰色 深蓝色  尺码: M L XL  袖型: 常规  品牌: 其他/other  图案: 纯色  适用季节: 秋季  适用场景: 休闲  适用对象: 青年  服装款式细节: 缉明线  厚薄: 常规  基础风格: 时尚都市  细分风格: 潮  ', '1', '2831', '2017-08-12 09:40:58', null);
INSERT INTO `goods` VALUES ('27', 'DUMBMA-1飞行员夹克男士薄外套 ', '138', '[upload/yifu7.jpg]', '领型: 棒球领  颜色: 酒红色 黑色 军绿色  尺码: S M L XL 2XL 3XL  面料分类: 涤纶  款式细节: 印花  品牌: chinism  适用季节: 秋季  厚薄: 常规  版型: 标准  材质: 涤纶  适用场景: 其他休闲  适用对象: 青年  下摆设计: 罗纹下摆  服装口袋样式: 戴盖挖袋  衣门襟: 拉链门襟  衣长: 常规  基础风格: 青春流行  细分风格: 潮  ', '1', '8656', '2017-08-12 09:42:09', null);
INSERT INTO `goods` VALUES ('28', '日系原宿大口袋哈伦裤男 秋装纯色百搭宽松八分裤 学生裤子', '85', '[upload/yifu8.jpg]', '裤长: 八分裤  货号: 1653  颜色: 咖啡色 浅绿色 深蓝色  尺码: S M L XL 2XL 3XL  款式细节: 口袋  工艺处理: 水洗  品牌: 其他/other  主材含量: 棉  适用季节: 四季  适用场景: 其他休闲  适用对象: 青年  弹力: 无弹  腰型: 中低腰  厚薄: 常规  上市时间: 2017年  面料材质: 棉  款式: 工装裤  服装版型: 宽松  裤脚口款式: 小脚  基础风格: 青春流行  细分风格: 潮  ', '1', '8846', '2017-08-12 09:43:00', null);
INSERT INTO `goods` VALUES ('29', '新款韩版夹克工装男士日系牛仔青少年上衣修身薄外套潮流学生', '148', '[upload/yifu9.jpg]', '领型: 翻领  颜色: 迷彩色 黑色 咖啡色  尺码: 4XL 5XL M L XL 2XL 3XL  面料分类: 牛仔布  款式细节: 贴布装饰（覆盖其他面料）  工艺处理: 水洗  品牌: other/其他  适用季节: 秋季  厚薄: 常规  版型: 标准  适用场景: 其他休闲  适用对象: 青年  下摆设计: 本布下摆  服装口袋样式: 戴盖挖袋  衣门襟: 单排扣  衣长: 常规  基础风格: 青春流行  细分风格: 日系复古  图案: 纯色  ', '1', '2074', '2017-08-12 09:44:39', null);
INSERT INTO `goods` VALUES ('30', '男士纯棉修身短袖白色T恤青年圆领打底衫小清新体恤', '89', '[upload/yifu10.jpg]', '印花主题: 其他  厚薄: 常规  袖长: 短袖  货号: T-0329  领型: 圆领  颜色: 白色 卡其色 藏青色  尺码: LL S M L  面料分类: 其他  款式细节: 其他  服饰工艺: 水洗  品牌: 几立  袖型: 常规  花型图案: 其他  版型: 修身  材质: 棉  棉含量: 95%以上  适用季节: 春季  上市时间: 2017年  适用场景: 日常  适用对象: 青年  基础风格: 青春流行  细分风格: 潮  ', '1', '3516', '2017-08-12 09:45:51', null);
INSERT INTO `goods` VALUES ('31', '欧美街头简约轻奢个性字母印花短袖T恤男女半袖情侣体恤', '79', '[upload/yifu11.jpg]', '厚薄: 常规  品牌类型: 设计师品牌  材质成分: 棉100%  袖长: 五分袖  货号: 7DT076  领型: 圆领  颜色: 白色 黑色  尺码: 第二批4.25号出货 M L XL  款式细节: 印花  品牌: connive  袖型: 常规  花型图案: 字母数字  版型: 宽松  材质: 棉  棉含量: 95%以上  适用季节: 夏季  上市时间: 2017年  适用场景: 其他休闲  适用对象: 青少年  基础风格: 青春流行  细分风格: 欧美简约  ', '1', '1997', '2017-08-12 09:47:16', null);
INSERT INTO `goods` VALUES ('32', '有鲤中国风夏季亚麻衬衫男盘扣七分袖复古衬衣棉麻中式青年唐装潮', '88', '[upload/yifu12.jpg]', '厚薄: 常规  袖长: 七分袖  货号: CS000  版型: 标准  领型: 立领  颜色: 群青色 白色 藏青色 墨绿色  尺码: M L XL 2XL  面料分类: 亚麻布  品牌: 有鲤  材质: 麻  麻含量: 50%(含)-69%(含)  上市时间: 2017年  适用场景: 其他休闲  适用季节: 夏季  适用对象: 青年  基础风格: 时尚都市  细分风格: 中国风  图案: 其他  服饰工艺: 水洗  服装款式细节: 纽扣装饰  ', '1', '1042', '2017-08-12 09:48:06', null);
INSERT INTO `goods` VALUES ('33', '酱 天然植物染夹克 牛仔夹克外套 ', '446', '[upload/yifu13.jpg]', '一直想做一款植物染夹克，尝试了很多版本，最终才确定，使用早期S506XX款式为原型，做一个VINTAGE风格浓郁的新款，款号定S518，本版本还原二战时期的夹克款式，使用战时甜甜圈月桂纽扣，红铜撞钉。胸前取消了口袋盖。背部带有调节松紧的巴黎扣。颜色: 蓝色  尺码: W36（现货） W38（现货） W40（现货） W42（现货） W44（现货）  品牌: SauceZhan/沾酱  适用季节: 春季  版型: 标准  适用场景: 其他休闲  基础风格: 青春流行  ', '1', '282', '2017-08-12 09:51:48', null);
INSERT INTO `goods` VALUES ('34', '贝勒府中国风男装原创设计刺绣红鹤五分短裤宽松个性男士夏季棉潮', '349', '[upload/yifu14.jpg]', '品牌类型: 原创设计师  裤长: 五分裤  货号: BLF017DK124  颜色: 黑色  尺码: 小码S 2尺2-2尺4腰围左右 中码M 2尺5腰围左右 大码L 2尺6-2尺7腰围左右 特码XL 2尺8-2尺9腰围左右 巨码XXL 3尺-3尺1 腰围左右  款式细节: 刺绣  品牌: 贝勒府  适用季节: 夏季  适用场景: 其他休闲  腰型: 中腰  厚薄: 常规  服装版型: 宽松  基础风格: 青春流行  细分风格: 中国风  ', '1', '35', '2017-08-12 09:52:37', null);
INSERT INTO `goods` VALUES ('35', 'AK橡筋收口纯棉薄休闲裤青年男士时尚小脚长裤 ', '339', '[upload/yifu15.jpg]', '材质成分: 棉100%  裤长: 长裤  货号: 1712001  颜色: 军灰色 藏蓝色 浅军灰 卡其色  尺码: 29 30 31 32 33 34 36 38 40  品牌: AKseries  适用季节: 夏季  适用场景: 其他休闲  适用对象: 青年  腰型: 中高腰  厚薄: 常规  上市时间: 2016年  款式: 工装裤  服装版型: 修身  裤脚口款式: 小脚  基础风格: 时尚都市  细分风格: 美式休闲  ', '1', '3176', '2017-08-12 09:53:19', null);
INSERT INTO `goods` VALUES ('36', '熊猫本 T恤日系余文乐黑色短袖宽松印花情侣装  ', '63', '[upload/yifu16.jpg]', '印花主题: 艺术主题  厚薄: 常规  品牌类型: 设计师品牌  材质成分: 棉100%  袖长: 短袖  货号: T037  领型: 圆领  颜色: 白色 黑色  尺码: SG S M L XL 2XL  面料分类: 汗布  款式细节: 印花  服饰工艺: 水洗  品牌: ben．panda/熊猫·本  袖型: 常规  花型图案: 卡通动漫  版型: 宽松  材质: 棉  棉含量: 95%以上  适用季节: 夏季  上市时间: 2017年  适用场景: 其他休闲  适用对象: 青年  基础风格: 青春流行  细分风格: 日系复古  ', '1', '1509', '2017-08-12 09:55:03', null);
INSERT INTO `goods` VALUES ('37', '国棉壹厂- 孟菲斯棉花短袖海魂衫 VR16A113 男女款 ', '299', '[upload/yifu17.jpg]', '印花主题: 海魂  厚薄: 常规  品牌类型: 设计师品牌  袖长: 短袖  货号: VR16A113  领型: 圆领  颜色: 蓝色  尺码: XS S M L XL 2XL  面料分类: 棉毛布  款式细节: 罗纹装饰  服饰工艺: 水洗  品牌: 其它/other  袖型: 常规  花型图案: 条纹  版型: 标准  材质: 长绒棉  适用季节: 夏季  上市时间: 2016年  适用场景: 其他休闲  适用对象: 青年  基础风格: 时尚都市  细分风格: 美式休闲  ', '1', '555', '2017-08-12 09:56:03', null);
INSERT INTO `goods` VALUES ('38', 'NE伯爵卓尔半袖宽松套头连帽短袖卫衣男T恤 英伦帽衫潮牌', '111', '[upload/yifu18.jpg]', '印花主题: 文字思想  厚薄: 常规  材质成分: 棉94.6% 聚氨酯弹性纤维(氨纶)5.4%  袖长: 短袖  货号: N721059  领型: 连帽  颜色: 花灰 米杏色 浅粉 灰蓝 鸭水绿 白色 黑色  尺码: 165 170 175 180 185 190  款式细节: 连帽  服饰工艺: 字母图案  品牌: EARL JOEL/伯爵卓尔  袖型: 常规  花型图案: 字母  版型: 标准  适用季节: 夏季  上市时间: 2017年  适用场景: 其他休闲  适用对象: 青年  基础风格: 时尚都市  细分风格: 潮  ', '1', '3024', '2017-08-12 09:59:38', null);
INSERT INTO `goods` VALUES ('39', 'COKEIN 用彩色包裹夏天 清新做旧纯棉纯色休闲短裤', '88', '[upload/yifu19.jpg]', '品牌类型: 原创设计师  材质成分: 棉100%  裤长: 短裤（穿起至膝盖以上）  货号: XX7748  颜色: 卡其色 浅蓝色 藏青色 桔红色 黑色  尺码: M L XL  款式细节: 印花  工艺处理: 水洗  品牌: COKEIN  主材含量: 棉  棉含量: 95%以上  适用季节: 夏季  适用场景: 其他休闲  适用对象: 青年  弹力: 无弹  腰型: 中腰  厚薄: 常规  上市时间: 2017年  面料材质: 棉  款式: 沙滩裤  服装版型: 直筒  裤脚口款式: 直筒  基础风格: 青春流行  细分风格: 小清新  颜色: 基础色（黑灰白等）  面料: 平纹布  图案: 纯色  ', '1', '303', '2017-08-12 10:03:03', null);
INSERT INTO `goods` VALUES ('40', '骯髒思想纯棉BOX LOGO 刺绣帽衫', '255', '[upload/yifu20.jpg]', '材质成分: 棉100%  款式: 套头  货号: BCMAR03  版型: 宽松  领型: 连帽  颜色: 黑色  尺码: S M L XL  袖型: 常规  品牌: CGNY  图案: 纯色  材质: 棉  适用季节: 春季  适用场景: 休闲  适用对象: 青年  服装款式细节: 绣花  厚薄: 常规  基础风格: 青春流行  细分风格: 欧美简约  ', '1', '72', '2017-08-12 10:03:59', null);
INSERT INTO `goods` VALUES ('41', '鸟语智能人体感应灯', '40', '[upload/shenghuo1.jpg]', '1.人体感应在3—5米范围内 红外感应到人体温度而自动亮起 期间一直感应到人体活动，灯会一直保持两者状态，人走后约20秒自动熄灭 2.感应灯通过光感技术智能控制 人体感应功能只在黑暗环境下自动启动 当周围环境较量是自动关闭人体感应功能 节能环保 ', '3', '2663', '2017-08-12 10:05:06', null);
INSERT INTO `goods` VALUES ('42', '创意厨房强力去污刷子', '12.9', '[upload/shenghuo2.jpg]', '去污强力，耐磨耐用，可用来刷浴缸，瓷砖，玻璃及不锈钢等。特别手柄设计，使用方便。 ', '3', '3403', '2017-08-12 10:06:57', null);
INSERT INTO `goods` VALUES ('43', '多功能晾衣架', '42', '[upload/shenghuo3.jpg]', '双杆多功能晾衣架，可自由升降拉伸，阳台晒晾，室内收纳衣物等，适合放在阳台卧室客厅等，外观时尚，实用性强，可以随意调节高度，让衣服，被子，浴巾等充分得到阳光的沐浴，保持健康无菌 ', '3', '1567', '2017-08-12 10:10:13', null);
INSERT INTO `goods` VALUES ('44', '压蒜泥夹蒜蓉器', '15.5', '[upload/shenghuo4.jpg]', '本产品压蒜兜大小可见产品描述，一次可压蒜个数以实际蒜的大小位置，根据实际使用，一般大的蒜片，一次可放入一粒，小的可以放两粒。 本产品压蒜盖头采用颗粒凸头设计，比平头设计的出蒜量要好，但目前工艺技术还不能做到百分之百的出蒜量，所以在压的时候会有少量留在兜里，请亲们注意啊，介意的亲请慎拍！ ', '3', '911', '2017-08-12 10:13:32', null);
INSERT INTO `goods` VALUES ('45', '针线盒居家家居用品生活日用品', '11.9', '[upload/shenghuo5.jpg]', '产品类别: 节庆用品  品牌: 爱沐  毛重: 约160G  货号: AM-ZXH-1  颜色分类: 套装（普通款） 套装（  ', '3', '416', '2017-08-12 10:14:32', null);
INSERT INTO `goods` VALUES ('46', 'HKCUP女士时尚个性恶魔眼不锈钢水杯', '35', '[upload/shenghuo6.jpg]', '品牌: HKCUP  型号: 127  容量: 301mL(含)-400mL(含)  材质: 304不锈钢  杯子样式: 有手柄  颜色分类: 红色恶魔+送杯套+杯刷 黑色恶魔+送杯套+杯刷 蓝色恶魔+送杯套+杯刷 粉色恶魔+送杯套+杯刷 蓝色天使+送杯套+杯刷 红色天使+送杯套+杯刷 白色天使+送杯套+杯刷 粉色天使+送杯套+杯刷  产地: 中国大陆  保温时长: 6小时(含)-12小时(不含)  主图来源: 自主实拍图  保温性能描述: 6-12小时  杯子容量值: 350毫升  ', '3', '4070', '2017-08-12 10:15:17', null);
INSERT INTO `goods` VALUES ('47', 'ONEDAY大容量保温杯不锈钢男女户外运动水壶', '89', '[upload/shenghuo7.jpg]', '产品名称: oneday OD-B21  包装体积: 9.5cm×9.5cm×32.5cm  品牌: oneday  型号: od-b21  毛重: 0.48kg  流行元素: 纯色  适用人群: 大众  适用场景: 运动  适用空间: 户外  风格: 中式  容量: 701mL(含)-800mL(含)  材质: 304不锈钢  杯子样式: 直身杯  用途: 保温杯  颜色分类: 稳重黑 浅亮金  产地: 中国大陆  保温时长: 12小时(含)-24小时(不含)  主图来源: 自主实拍图  保温性能描述: 12小时55度以上24小时40度  杯子容量值: 750ml  ', '3', '907', '2017-08-12 10:16:09', null);
INSERT INTO `goods` VALUES ('48', '天喜玻璃杯便携耐茶水杯大容量水瓶杯子保温杯套', '29.40', '[upload/shenghuo8.jpg]', '玻璃杯花色: 无色透明  形状: 圆形  容量: 301mL(含)-400mL(含)  品牌: 天喜  货号: 121  颜色分类: 360ml草绿 360ml粉色 360ml深蓝 360ml黑色 550ml黑色 360ml草绿+绳盖 360ml粉红+绳盖 360ml深蓝+绳盖 360ml黑色+绳盖 360ml银灰+绳盖 550ml草绿 550ml粉色 550ml深蓝 360ml银灰 550ml银灰 550ml草绿+绳盖 550ml粉红+绳盖 280ml黑色（颜色备注） 550ml黑色+绳盖 550ml银灰+绳盖 280ml黑色+绳盖(颜色备注 550ml深蓝+绳盖  价格区间: 30元-39.9元  个数: 1个  主图来源: 自主实拍图  ', '3', '3971', '2017-08-12 10:21:11', null);
INSERT INTO `goods` VALUES ('49', '太阳伞防晒防紫外线女创意韩国蓝天白云伞', '24', '[upload/shenghuo9.jpg]', '伞杆材质: 不锈钢  伞的种类: 晴雨伞  包装体积: 25*5.5*5.5  毛重: 350g  品牌: 沐彩  货号: S21  适用对象: 成人  颜色分类: 外层黑胶 内层黑胶 无胶纳米  伞布: 碰击布  打开方式: 手动  款式: 三折伞  半径: 55cm(含)-61cm(含)  伞面涂层: 黑胶  ', '3', '1196', '2017-08-12 10:22:07', null);
INSERT INTO `goods` VALUES ('50', '16骨大雨伞女学生韩版小清新简约森系复古长柄伞', '49.80', '[upload/shenghuo10.jpg]', '伞杆材质: 铝合金  伞的种类: 雨伞  流行元素: 小清新  品牌: other/其他  货号: D1615_长柄  适用对象: 成人  颜色分类: 白色 蓝色  伞布: 碰击布  打开方式: 手动  款式: 长柄伞  半径: 55cm(含)-61cm(含)  ', '3', '2215', '2017-08-12 10:22:48', null);
INSERT INTO `goods` VALUES ('51', '双层太阳伞防晒防紫外线遮阳伞折叠伞女韩国创意晴雨两用小黑胶伞', '99', '[upload/shenghuo11.jpg]', '伞杆材质: 铝合金  伞的种类: 遮阳伞  包装体积: 7cm*7cm*27cm  毛重: 320g  品牌: 雪堡  货号: SCC005  适用对象: 成人  颜色分类: 星空恋人（双层伞） 星空城堡（双层伞） 萌白小兔（双层伞） 太空旅行（双层伞） 星球大战（双层伞） 星际猫途（双层伞） 遥远的梦（双层伞） 喜鹊登枝（双层伞）  伞布: 碰击布  打开方式: 手动  款式: 三折伞  半径: 48cm(含)-53cm(含)  伞面涂层: 黑胶  ', '3', '1654', '2017-08-12 10:25:19', null);
INSERT INTO `goods` VALUES ('52', '英伦清新自动加厚透明雨伞 创意拱形伞女生长柄晴可爱鸟笼公主伞', '27.60', '[upload/shenghuo12.jpg]', '伞杆材质: 不锈钢  伞的种类: 晴雨伞  包装体积: 14*14*90  毛重: 300g  品牌: 雨城故事  货号: hhh  适用对象: 成人  颜色分类: 阿波罗自动建筑透明伞 阿波罗红唇胡子自动透明伞 阿波罗自动鸟笼透明伞 阿波罗自动款纯色透明伞 阿波罗史努比自动透明伞 阿波罗机器人自动透明伞 阿波罗眼睛自动透明伞 阿波罗现代建筑自动透明伞 阿波罗樱花粉色 阿波罗樱花蓝色 阿波罗樱花绿色 阿波罗鹦鹉透明伞  伞布: 塑料  打开方式: 半自动  款式: 长柄伞  半径: 48cm(含)-53cm(含)  ', '3', '3790', '2017-08-12 10:25:36', null);
INSERT INTO `goods` VALUES ('53', '电动车踏板摩托车车衣防晒遮阳防雨罩电瓶车电动摩托车车罩加厚', '36.80', '[upload/shenghuo13.jpg]', '包装体积: 30*30  毛重: 1  颜色分类: S号.蓝{电动车.无尾箱小龟} S号.灰{电动车.无尾箱小龟} M号.蓝{踏板.小龟王.弯梁} M号.灰{踏板.小龟王.弯梁} L号.蓝{大龟王.跨骑.太子} L号.灰{大龟王.跨骑.太子}  货号: 0258  ', '3', '497', '2017-08-12 10:26:51', null);
INSERT INTO `goods` VALUES ('54', '木铲子长柄木锅铲不伤锅木铲不粘锅专用木锅铲炒菜铲子', '18.80', '[upload/shenghuo14.jpg]', '品牌: 何适家居  货号: HS-0011-2  颜色分类: 39厘米大木铲0011  ', '3', '402', '2017-08-12 10:28:07', null);
INSERT INTO `goods` VALUES ('55', '厨房PE砧板加厚无菌菜板大号抗菌无毒环保切菜板面板刀板案板', '199', '[upload/shenghuo15.jpg]', '产地: 中国大陆  品牌: Iupilon  是否手工: 是  适用人群: 大众  颜色分类: 38*28*2CM(2-3人家庭剁肉） 38*28*2.5cm（2-3人家庭剁骨） 30*40*2CM（2-3人家庭剁肉） 30*40*2.5CM（2-3人家庭剁骨） 30*40*3CM（3-4人家庭剁骨） 43*33*2CM（5-6人家庭剁肉） 43*33*2.5CM（5-6人家庭剁骨） 40*60*2CM（7-8人家庭面板） 50*35*2.5CM（6-7人家庭剁骨） 50*35*3CM（6-7人家庭剁骨）  风格: 日式  尺寸: 40*30*2CM  材质: 塑料  形状: 长方形  包装种类: 单只装  ', '3', '5661', '2017-08-12 10:29:34', null);
INSERT INTO `goods` VALUES ('56', '杭州张小泉锐志菜刀五铬钢不锈钢家用切片刀具', '89', '[upload/shenghuo16.jpg]', '刀尖角度: 60°以上  刃长: 175  厨房刀具类型: 切片刀  品牌: 张小泉  是否开刃: 是  货号: W70038000  颜色分类: 锐志切片刀送削皮刀 锐志切片刀送水果刀 锐志切片刀送指甲钳 锐志切片刀送指甲剪 锐志切片刀送剪刀 锐志切片刀送磨刀石  材质: 400系列不锈钢  ', '3', '4243', '2017-08-12 10:30:30', null);
INSERT INTO `goods` VALUES ('57', '德式不锈钢自动回弹剪刀 ', '26', '[upload/shenghuo17.jpg]', '品牌: xesea/喜诗  毛重: 188克  颜色分类: 430弹锁鸡骨剪刀  ', '3', '754', '2017-08-12 10:31:14', null);
INSERT INTO `goods` VALUES ('58', '自然家瓷胎竹编竹丝扣瓷 君子盖碗茶碗功夫茶具茶杯套装', '888', '[upload/shenghuo18.jpg]', '件数: 3件  品牌: 自然家naturebamboo  颜色分类: 君子套装（盖碗+敞口杯） 君子套装（盖碗+马蹄杯）  产地: 景德镇市  价格区间: 1000元以上  材质: 瓷  适用人数: 2人  茶餐具工艺: 色釉  配茶盘材质: 否  主图来源: 自主实拍图  ', '3', '165', '2017-08-12 10:32:24', null);
INSERT INTO `goods` VALUES ('59', '汝窑功夫茶具套装', '198', '[upload/shenghuo19.jpg]', '品牌: 古早物  材质: 瓷  类型: 整套功夫茶具  茶具类型: 整套功夫茶具  颜色分类: 富贵壶天青色9头 西施壶天青色9头 贵妃壶天青色9头 喜乐壶天青色9头 古典壶天青色9头 美人壶天青色9头  产地: 德化县  适用人数: 6人  配茶盘材质: 否  主图来源: 自主实拍图  ', '3', '5189', '2017-08-12 10:33:10', null);
INSERT INTO `goods` VALUES ('60', '那些时光 泡茶壶600ml花茶壶套装耐热玻璃过滤水壶花茶具', '66', '[upload/shenghuo20.jpg]', '品牌: 那些时光  材质: 耐热玻璃  货号: 16E026  颜色分类: 600壶+四只双层杯 600单壶 800壶+四只双层杯 600壶+六只双层杯 800单壶 800壶+六只双层杯  容量: 601mL(含)-700mL(含)  产地: 其他  茶餐具工艺: 耐热玻璃  主图来源: 自主实拍图  ', '3', '60', '2017-08-12 10:35:40', null);
INSERT INTO `goods` VALUES ('61', '东海野生烤虾干 干虾子 对虾干烤对虾干海鲜干货500g ', '56.80', '[upload/shiwu1.jpg]', '净含量: 0.5kg  包装方式: 食用农产品  原产地: 浙江省  食品工艺: 水产干货  ', '4', '2550', '2017-08-12 10:36:32', null);
INSERT INTO `goods` VALUES ('62', '三只松鼠 炭烧腰果185gx2袋零食坚果炒货特产腰果仁', '38.9', '[upload/shiwu2.jpg]', '产地：中国大陆 品牌：三只松鼠 进口/国产：国产 是否含糖：含糖 食品口味：炭烧 包装：袋装 食品保质期：240天 净重(g)：370 ', '4', '264', '2017-08-12 10:37:19', null);
INSERT INTO `goods` VALUES ('63', '三只松鼠 芒果干116gx3袋 休闲 零食 蜜饯果脯水果干', '27.9', '[upload/shiwu3.jpg]', '产地：中国大陆 品牌：三只松鼠 进口/国产：国产 加工工艺：果脯类 净重(g)：348 是否含糖：含糖 是否有机：非有机 食品保质期：12个月 包装方式：袋装 ', '4', '1253', '2017-08-12 10:38:24', null);
INSERT INTO `goods` VALUES ('64', '新农哥 坚果零食大礼包 农场大礼包礼盒 1548g', '289', '[upload/shiwu4.jpg]', '由于部分商品包装更换较为频繁，因此您收到的货品有可能与图片不完全一致，请您以收到的商品实物为准，同时我们会尽量做到及时更新，由此给您带来不便多多谅解，谢谢！ ', '4', '59', '2017-08-12 10:39:51', null);
INSERT INTO `goods` VALUES ('65', '楼兰蜜语 新疆零食 蜜饯果干四色大葡萄干900g', '¥55.9 ', '[upload/shiwu5.jpg]', '名称 四色葡萄干  品牌 楼兰蜜语   产品类型 葡萄干   保质期 8个月   净含量 225gX4   储存方式 置于阴凉 避光 干燥通风处  ', '4', '89', '2017-08-12 10:43:12', null);
INSERT INTO `goods` VALUES ('66', '卫龙 休闲零食 亲嘴条 辣条 400g/袋', '¥10.8', '[upload/shiwu6.jpg]', '号店价：商品在1号店平台上，不参加降价让利促销团购等活动时的常规销售价格。 1号团：商品在1号店平台上，参加团购活动的团购商品的销售价格。 参考价：商品展示的参考价，可能是品牌专柜标价、商品吊牌价或由品牌供应商提供的正品零售价（如厂商指导价、建议零售价等）或该商品在1号店平台曾经展示过的销售价；由于地区、时间的差异性和市场行情波动，品牌专柜标价、商品吊牌价、销售商门店曾经展示过的销售价等可能会与您购物时展示的不一致，该价格仅供您参考。  ', '4', '101', '2017-08-12 10:43:59', null);
INSERT INTO `goods` VALUES ('67', '内蒙古科尔沁 牛肉干零食 麻辣牛肉干105g', '¥19.9 ', '[upload/shiwu7.jpg]', '由于部分商品包装更换较为频繁，因此您收到的货品有可能与图片不完全一致，请您以收到的商品实物为准，同时我们会尽量做到及时更新，由此给您带来不便多多谅解，谢谢 ', '4', '87', '2017-08-12 10:44:49', null);
INSERT INTO `goods` VALUES ('68', '旺旺 Mr.HOT辣人仙贝 墨西哥辣味 82g', '¥12 ', '[upload/shiwu8.jpg]', '由于部分商品包装更换较为频繁，因此您收到的货品有可能与图片不完全一致，请您以收到的商品实物为准，同时我们会尽量做到及时更新，由此给您带来不便多多谅解，谢谢！ ', '4', '65', '2017-08-12 10:45:44', null);
INSERT INTO `goods` VALUES ('69', '盐津铺子 42包零食大礼包', '¥56.8 ', '[upload/shiwu9.jpg]', '产地：其它国家 品牌：盐津铺子 进口/国产：国产 品种：其它 包装：礼盒装 生产日期：2016年8月-10月 进货日期：2016年8月 生产厂商：盐津铺子食品股份有限公司 产品标准号：Q/YJPZ0006S 食品保质期：180天 储藏方法：置于阴凉干燥处 商品添加剂：食用盐、白砂糖、植物油等 生产许可证编号（QS）：QS430122010111 净重/净含量：850g 配料表：大豆、大豆蛋白、鸡爪、鱼仔等 ', '4', '2935', '2017-08-12 10:47:56', null);
INSERT INTO `goods` VALUES ('70', '乐事无限薯片104g*3组合装(原味+烤肉+番茄)', '¥25', '[upload/shiwu10.jpg]', '乐事无限薯片104g*3组合装 配料：马铃薯雪花粉,植物油,预糊化淀粉,嗞嗞烤肉味调味料/忠于原味调味料/鲜浓番茄调味料，请以包装信息为准。  净含量：104g*3罐  保质期：12个月  生产许可证：QS3117 1201 0019 具体生产地以包装为准  产品标准号：GB/T 22699  储存方法：请置于干燥凉爽处，避免阳光直射，以免受潮。  ', '4', '99', '2017-08-12 10:48:57', null);
INSERT INTO `goods` VALUES ('71', '卫龙 休闲零食干脆面 台湾风味 拉面丸子 65g*3袋', '¥13.9 ', '[upload/shiwu11.jpg]', '由于部分商品包装更换较为频繁，因此您收到的货品有可能与图片不完全一致，请您以收到的商品实物为准，同时我们会尽量做到及时更新，由此给您带来不便多多谅解，谢谢！ ', '4', '56', '2017-08-12 10:52:03', null);
INSERT INTO `goods` VALUES ('72', '赢旭 超干牛肉干特干内蒙古风干牛肉干肉脯200g', '¥69 ', '[upload/shiwu12.jpg]', '产地：中国大陆 品牌：赢旭 进口/国产：国产 地区：内蒙古 包装：整包 分类：肉干 工艺：风干/干制 是否含糖：含糖 口味：原味 牛肉产品：牛肉条/牛肉干 生产日期：2015.10.01 进货日期：2015.10.10 生产厂商：呼和浩特市赢旭食品有限责任公司 产品标准号：DB15/432-2006 储藏方法：置于干燥处 ', '4', '814', '2017-08-12 10:52:50', null);
INSERT INTO `goods` VALUES ('73', '三只松鼠 冻干榴莲36gx2袋休闲零食水果干金枕头榴莲干', '¥21.9 ', '[upload/shiwu13.jpg]', '产地：中国大陆 品牌：三只松鼠 进口/国产：国产 加工工艺：果干类 净重(g)：72 是否含糖：含糖 食品保质期：18个月 包装方式：袋装 ', '4', '165', '2017-08-12 10:53:55', null);
INSERT INTO `goods` VALUES ('74', '金大洲 香辣金针菇 35g*10袋', '¥21.9 ', '[upload/shiwu14.jpg]', '由于部分商品包装更换较为频繁，因此您收到的货品有可能与图片不完全一致，请您以收到的商品实物为准，同时我们会尽量做到及时更新，由此给您带来不便多多谅解，谢谢！ ', '4', '42', '2017-08-12 10:54:43', null);
INSERT INTO `goods` VALUES ('75', '西域美农 山楂片160gx2休闲零食 蜜饯果糕', '¥18 ', '[upload/shiwu15.jpg]', '由于部分商品包装更换较为频繁，因此您收到的货品有可能与图片不完全一致，请您以收到的商品实物为准，同时我们会尽量做到及时更新，由此给您带来不便多多谅解，谢谢！ ', '4', '88', '2017-08-12 10:55:51', null);
INSERT INTO `goods` VALUES ('76', '良品铺子 牛肚零食香辣味牛肉休闲食品麻辣小吃袋装92g/袋', '¥27.8 ', '[upload/shiwu16.jpg]', '产地：中国大陆 品牌：良品铺子 进口/国产：国产 地区：湖北 包装：独立小包 是否含糖：含糖 口味：香辣味 牛肉产品：牛肚 食品保质期：10个月 净重(g)：92 ', '4', '89', '2017-08-12 10:56:40', null);
INSERT INTO `goods` VALUES ('77', '果记 靖江特产猪肉脯礼盒1500g', '¥99 ', '[upload/shiwu17.jpg]', '产地：中国大陆 品牌：果记 进口/国产：国产 地区：江苏 包装方式：礼品装 口味：原味 分类：猪肉脯 生产日期：不断更新 储藏方法：阴凉干燥处 商品添加剂：见包装 配料表：猪肉 食品保质期：180天 净重(g)：1500 ', '4', '46', '2017-08-12 10:57:57', null);
INSERT INTO `goods` VALUES ('78', '良品铺子 老婆梅140g/罐 蜜饯特产 话梅食品 ', '¥13.8 ', '[upload/shiwu18.jpg]', '产地：中国大陆 品牌：良品铺子 进口/国产：国产 梅子种类：话梅 加工工艺：其它工艺 净重(g)：140 是否有机：非有机 食品保质期：360 包装方式：罐装 ', '4', '75', '2017-08-12 10:59:08', null);
INSERT INTO `goods` VALUES ('79', '良品铺子 泡椒凤爪260g*2袋', '¥39.9 ', '[upload/shiwu19.jpg]', '产地：中国大陆 品牌：良品铺子 进口/国产：国产 包装：独立小包 工艺：卤味 是否含糖：含糖 分类：肉干 种类：凤爪 口味：泡椒味 地区：重庆 食品保质期：6个月 生产许可证编号（QS）：QS 5007 0401 5419 净重(g)：520 ', '4', '90', '2017-08-12 11:00:19', null);
INSERT INTO `goods` VALUES ('80', '无穷 盐焗鸡翅600g（120g×5袋）40小包', '¥98 ', '[upload/shiwu20.jpg]', '产地：中国大陆 品牌：无穷 进口/国产：国产 包装：独立小包 工艺：盐焗 是否含糖：不含糖 种类：鸡翅 口味：原味 地区：广东 生产厂商：无穷食品有限公司 商品添加剂：栀子黄、红曲红、D-异抗坏血酸钠、迷迭香提取物、山梨酸钾、食用香料 配料表：鸡翅、食用盐、味精、香辛料 食品保质期：12个月 生产许可证编号（QS）：SC10444512200124 净重(g)：120 ', '4', '96', '2017-08-12 11:01:17', null);
INSERT INTO `goods` VALUES ('81', '小米6手机', '2499', '[upload/TB1fRcfQVXXXXa5aXXXXXXXXXXX_!!0-item_pic.jpg_430x430q90.jpg, upload/TB1m0fmQFXXXXXSapXXEo6U8FXX_030216.jpg_430x430q90.jpg]', '12312', '2', '23', '2017-08-14 15:02:20', null);

-- ----------------------------
-- Table structure for `goodsmark`
-- ----------------------------
DROP TABLE IF EXISTS `goodsmark`;
CREATE TABLE `goodsmark` (
  `mid` int(5) NOT NULL AUTO_INCREMENT,
  `gid` int(5) NOT NULL,
  `uid` int(5) NOT NULL,
  `gmark` varchar(200) NOT NULL,
  `gdate` varchar(20) NOT NULL,
  PRIMARY KEY (`mid`)
) ENGINE=MyISAM AUTO_INCREMENT=9 DEFAULT CHARSET=utf8;

-- ----------------------------
-- Records of goodsmark
-- ----------------------------
INSERT INTO `goodsmark` VALUES ('8', '3', '9', '这个电脑不错', '2017-8-14 15:05:23');

-- ----------------------------
-- Table structure for `order`
-- ----------------------------
DROP TABLE IF EXISTS `order`;
CREATE TABLE `order` (
  `oid` int(5) NOT NULL AUTO_INCREMENT,
  `uid` int(4) NOT NULL,
  `gid` int(5) NOT NULL,
  `otype` int(2) NOT NULL,
  `bnum` int(2) NOT NULL,
  `bdate` varchar(20) NOT NULL,
  PRIMARY KEY (`oid`)
) ENGINE=MyISAM AUTO_INCREMENT=40 DEFAULT CHARSET=utf8;

-- ----------------------------
-- Records of order
-- ----------------------------
INSERT INTO `order` VALUES ('1', '5', '5', '3', '3', '2017-8-8 08:30:55');
INSERT INTO `order` VALUES ('2', '5', '7', '5', '1', '2017-8-9 17:30:55');
INSERT INTO `order` VALUES ('35', '9', '3', '3', '2', '2017-8-14 14:55:24');
INSERT INTO `order` VALUES ('36', '9', '3', '5', '2', '2017-8-14 15:06:57');
INSERT INTO `order` VALUES ('37', '9', '25', '1', '4', '2017-8-14 15:06:57');
INSERT INTO `order` VALUES ('38', '5', '5', '1', '3', '2017-8-18 10:45:11');
INSERT INTO `order` VALUES ('39', '5', '8', '1', '1', '2017-8-18 10:45:11');

-- ----------------------------
-- Table structure for `user`
-- ----------------------------
DROP TABLE IF EXISTS `user`;
CREATE TABLE `user` (
  `uid` int(4) NOT NULL AUTO_INCREMENT,
  `ulogo` varchar(100) NOT NULL,
  `uname` varchar(20) NOT NULL,
  `utel` varchar(30) NOT NULL,
  `upassword` varchar(20) NOT NULL,
  `uemail` varchar(30) NOT NULL,
  `address` varchar(50) DEFAULT NULL,
  `uquestion` varchar(30) DEFAULT NULL,
  `uanswer` varchar(20) DEFAULT NULL,
  `uregtime` varchar(30) NOT NULL,
  `ustel` varchar(30) DEFAULT NULL,
  PRIMARY KEY (`uid`)
) ENGINE=MyISAM AUTO_INCREMENT=10 DEFAULT CHARSET=utf8;

-- ----------------------------
-- Records of user
-- ----------------------------
INSERT INTO `user` VALUES ('6', 'upload/224823414.jpg', '王进1号', '18827550839', '123123', '462664876@qq.com', null, null, null, '2017-8-8 15:37:36', null);
INSERT INTO `user` VALUES ('5', 'upload/ulogo.jpg', '王进', '18827550839', '123123', '462664876@qq.com', '湖北省襄阳市襄城区隆中路609号湖北文理学院新区', '我的名字', '王进', '2017-8-5 16:54:48', '18827550839');
INSERT INTO `user` VALUES ('7', 'upload/0f5d752172a27598!200x200[1].jpg', '王进2号', '18827550839', '123123', '462664876@qq.com', null, null, null, '2017-8-9 16:30:15', null);
INSERT INTO `user` VALUES ('8', 'upload/ulogo.jpg', '12312', '18827550839', '123123', '462664876@qq.com', '湖北省襄阳市襄城区隆中路609号湖北文理学院新区', '123', '123', '2017-8-14 10:52:04', '18827550839');
INSERT INTO `user` VALUES ('9', 'upload/ulogo.jpg', '王我', '18827551138', '654321', '8799@qq.com', '湖北省襄阳市襄城区隆中路609号湖北文理学院新区', '我是谁', '王高鑫', '2017-8-14 14:51:49', '18827551138');
